"","time","penalty_fn","replicate","variable","value","baseline"
"1201",1,"L1","rep_11","harvest",6.53244897959184,"penalty"
"1202",2,"L1","rep_11","harvest",0.01,"penalty"
"1203",3,"L1","rep_11","harvest",0.01,"penalty"
"1204",4,"L1","rep_11","harvest",0.01,"penalty"
"1205",5,"L1","rep_11","harvest",0.01,"penalty"
"1206",6,"L1","rep_11","harvest",0.01,"penalty"
"1207",7,"L1","rep_11","harvest",0.01,"penalty"
"1208",8,"L1","rep_11","harvest",5.06489795918367,"penalty"
"1209",9,"L1","rep_11","harvest",0.01,"penalty"
"1210",10,"L1","rep_11","harvest",0.01,"penalty"
"1211",11,"L1","rep_11","harvest",0.01,"penalty"
"1212",12,"L1","rep_11","harvest",0.01,"penalty"
"1213",13,"L1","rep_11","harvest",0.01,"penalty"
"1214",14,"L1","rep_11","harvest",0.01,"penalty"
"1215",15,"L1","rep_11","harvest",0.01,"penalty"
"1216",16,"L1","rep_11","harvest",0.01,"penalty"
"1217",17,"L1","rep_11","harvest",0.01,"penalty"
"1218",18,"L1","rep_11","harvest",0.01,"penalty"
"1219",19,"L1","rep_11","harvest",8,"penalty"
"1220",20,"L1","rep_11","harvest",0,"penalty"
"1221",1,"L1","rep_12","harvest",6.53244897959184,"penalty"
"1222",2,"L1","rep_12","harvest",0.01,"penalty"
"1223",3,"L1","rep_12","harvest",0.01,"penalty"
"1224",4,"L1","rep_12","harvest",0.01,"penalty"
"1225",5,"L1","rep_12","harvest",0.01,"penalty"
"1226",6,"L1","rep_12","harvest",0.01,"penalty"
"1227",7,"L1","rep_12","harvest",0.01,"penalty"
"1228",8,"L1","rep_12","harvest",0.01,"penalty"
"1229",9,"L1","rep_12","harvest",0.01,"penalty"
"1230",10,"L1","rep_12","harvest",0.01,"penalty"
"1231",11,"L1","rep_12","harvest",2.45591836734694,"penalty"
"1232",12,"L1","rep_12","harvest",0.01,"penalty"
"1233",13,"L1","rep_12","harvest",0.01,"penalty"
"1234",14,"L1","rep_12","harvest",0.01,"penalty"
"1235",15,"L1","rep_12","harvest",0.01,"penalty"
"1236",16,"L1","rep_12","harvest",0.01,"penalty"
"1237",17,"L1","rep_12","harvest",0.01,"penalty"
"1238",18,"L1","rep_12","harvest",2.94510204081633,"penalty"
"1239",19,"L1","rep_12","harvest",7.8369387755102,"penalty"
"1240",20,"L1","rep_12","harvest",0,"penalty"
"1241",1,"L1","rep_13","harvest",6.53244897959184,"penalty"
"1242",2,"L1","rep_13","harvest",0.01,"penalty"
"1243",3,"L1","rep_13","harvest",0.01,"penalty"
"1244",4,"L1","rep_13","harvest",5.39102040816327,"penalty"
"1245",5,"L1","rep_13","harvest",0.01,"penalty"
"1246",6,"L1","rep_13","harvest",1.47755102040816,"penalty"
"1247",7,"L1","rep_13","harvest",1.47755102040816,"penalty"
"1248",8,"L1","rep_13","harvest",1.80367346938776,"penalty"
"1249",9,"L1","rep_13","harvest",1.80367346938776,"penalty"
"1250",10,"L1","rep_13","harvest",1.80367346938776,"penalty"
"1251",11,"L1","rep_13","harvest",1.80367346938776,"penalty"
"1252",12,"L1","rep_13","harvest",0.01,"penalty"
"1253",13,"L1","rep_13","harvest",0.01,"penalty"
"1254",14,"L1","rep_13","harvest",0.01,"penalty"
"1255",15,"L1","rep_13","harvest",0.01,"penalty"
"1256",16,"L1","rep_13","harvest",0.01,"penalty"
"1257",17,"L1","rep_13","harvest",0.01,"penalty"
"1258",18,"L1","rep_13","harvest",2.29285714285714,"penalty"
"1259",19,"L1","rep_13","harvest",7.8369387755102,"penalty"
"1260",20,"L1","rep_13","harvest",0,"penalty"
"1261",1,"L1","rep_14","harvest",6.53244897959184,"penalty"
"1262",2,"L1","rep_14","harvest",0.01,"penalty"
"1263",3,"L1","rep_14","harvest",0.01,"penalty"
"1264",4,"L1","rep_14","harvest",8,"penalty"
"1265",5,"L1","rep_14","harvest",0.01,"penalty"
"1266",6,"L1","rep_14","harvest",0.01,"penalty"
"1267",7,"L1","rep_14","harvest",6.53244897959184,"penalty"
"1268",8,"L1","rep_14","harvest",0.01,"penalty"
"1269",9,"L1","rep_14","harvest",0.01,"penalty"
"1270",10,"L1","rep_14","harvest",0.01,"penalty"
"1271",11,"L1","rep_14","harvest",5.71714285714286,"penalty"
"1272",12,"L1","rep_14","harvest",0.01,"penalty"
"1273",13,"L1","rep_14","harvest",0.01,"penalty"
"1274",14,"L1","rep_14","harvest",1.64061224489796,"penalty"
"1275",15,"L1","rep_14","harvest",1.64061224489796,"penalty"
"1276",16,"L1","rep_14","harvest",1.64061224489796,"penalty"
"1277",17,"L1","rep_14","harvest",1.64061224489796,"penalty"
"1278",18,"L1","rep_14","harvest",2.61897959183673,"penalty"
"1279",19,"L1","rep_14","harvest",8,"penalty"
"1280",20,"L1","rep_14","harvest",0,"penalty"
"1281",1,"L1","rep_15","harvest",6.53244897959184,"penalty"
"1282",2,"L1","rep_15","harvest",0.01,"penalty"
"1283",3,"L1","rep_15","harvest",2.45591836734694,"penalty"
"1284",4,"L1","rep_15","harvest",0.173061224489796,"penalty"
"1285",5,"L1","rep_15","harvest",2.78204081632653,"penalty"
"1286",6,"L1","rep_15","harvest",1.96673469387755,"penalty"
"1287",7,"L1","rep_15","harvest",0.01,"penalty"
"1288",8,"L1","rep_15","harvest",0.01,"penalty"
"1289",9,"L1","rep_15","harvest",3.43428571428571,"penalty"
"1290",10,"L1","rep_15","harvest",0.01,"penalty"
"1291",11,"L1","rep_15","harvest",0.01,"penalty"
"1292",12,"L1","rep_15","harvest",0.662244897959184,"penalty"
"1293",13,"L1","rep_15","harvest",0.662244897959184,"penalty"
"1294",14,"L1","rep_15","harvest",0.662244897959184,"penalty"
"1295",15,"L1","rep_15","harvest",0.662244897959184,"penalty"
"1296",16,"L1","rep_15","harvest",1.96673469387755,"penalty"
"1297",17,"L1","rep_15","harvest",1.96673469387755,"penalty"
"1298",18,"L1","rep_15","harvest",1.47755102040816,"penalty"
"1299",19,"L1","rep_15","harvest",5.88020408163265,"penalty"
"1300",20,"L1","rep_15","harvest",0,"penalty"
"1301",1,"L1","rep_16","harvest",6.53244897959184,"penalty"
"1302",2,"L1","rep_16","harvest",0.01,"penalty"
"1303",3,"L1","rep_16","harvest",0.01,"penalty"
"1304",4,"L1","rep_16","harvest",3.43428571428571,"penalty"
"1305",5,"L1","rep_16","harvest",0.01,"penalty"
"1306",6,"L1","rep_16","harvest",0.01,"penalty"
"1307",7,"L1","rep_16","harvest",0.01,"penalty"
"1308",8,"L1","rep_16","harvest",0.01,"penalty"
"1309",9,"L1","rep_16","harvest",0.173061224489796,"penalty"
"1310",10,"L1","rep_16","harvest",5.22795918367347,"penalty"
"1311",11,"L1","rep_16","harvest",0.01,"penalty"
"1312",12,"L1","rep_16","harvest",6.36938775510204,"penalty"
"1313",13,"L1","rep_16","harvest",0.01,"penalty"
"1314",14,"L1","rep_16","harvest",0.01,"penalty"
"1315",15,"L1","rep_16","harvest",3.10816326530612,"penalty"
"1316",16,"L1","rep_16","harvest",1.80367346938776,"penalty"
"1317",17,"L1","rep_16","harvest",0.01,"penalty"
"1318",18,"L1","rep_16","harvest",0.01,"penalty"
"1319",19,"L1","rep_16","harvest",7.8369387755102,"penalty"
"1320",20,"L1","rep_16","harvest",0,"penalty"
"1321",1,"L1","rep_17","harvest",6.53244897959184,"penalty"
"1322",2,"L1","rep_17","harvest",0.01,"penalty"
"1323",3,"L1","rep_17","harvest",0.01,"penalty"
"1324",4,"L1","rep_17","harvest",0.01,"penalty"
"1325",5,"L1","rep_17","harvest",0.01,"penalty"
"1326",6,"L1","rep_17","harvest",0.173061224489796,"penalty"
"1327",7,"L1","rep_17","harvest",0.82530612244898,"penalty"
"1328",8,"L1","rep_17","harvest",3.10816326530612,"penalty"
"1329",9,"L1","rep_17","harvest",3.10816326530612,"penalty"
"1330",10,"L1","rep_17","harvest",3.10816326530612,"penalty"
"1331",11,"L1","rep_17","harvest",0.336122448979592,"penalty"
"1332",12,"L1","rep_17","harvest",3.27122448979592,"penalty"
"1333",13,"L1","rep_17","harvest",2.12979591836735,"penalty"
"1334",14,"L1","rep_17","harvest",2.12979591836735,"penalty"
"1335",15,"L1","rep_17","harvest",2.12979591836735,"penalty"
"1336",16,"L1","rep_17","harvest",2.12979591836735,"penalty"
"1337",17,"L1","rep_17","harvest",2.12979591836735,"penalty"
"1338",18,"L1","rep_17","harvest",2.12979591836735,"penalty"
"1339",19,"L1","rep_17","harvest",6.04326530612245,"penalty"
"1340",20,"L1","rep_17","harvest",0,"penalty"
"1341",1,"L1","rep_18","harvest",6.53244897959184,"penalty"
"1342",2,"L1","rep_18","harvest",0.01,"penalty"
"1343",3,"L1","rep_18","harvest",5.06489795918367,"penalty"
"1344",4,"L1","rep_18","harvest",0.01,"penalty"
"1345",5,"L1","rep_18","harvest",0.01,"penalty"
"1346",6,"L1","rep_18","harvest",0.01,"penalty"
"1347",7,"L1","rep_18","harvest",0.01,"penalty"
"1348",8,"L1","rep_18","harvest",0.01,"penalty"
"1349",9,"L1","rep_18","harvest",7.18469387755102,"penalty"
"1350",10,"L1","rep_18","harvest",0.01,"penalty"
"1351",11,"L1","rep_18","harvest",0.173061224489796,"penalty"
"1352",12,"L1","rep_18","harvest",0.173061224489796,"penalty"
"1353",13,"L1","rep_18","harvest",0.82530612244898,"penalty"
"1354",14,"L1","rep_18","harvest",0.82530612244898,"penalty"
"1355",15,"L1","rep_18","harvest",0.82530612244898,"penalty"
"1356",16,"L1","rep_18","harvest",0.662244897959184,"penalty"
"1357",17,"L1","rep_18","harvest",0.662244897959184,"penalty"
"1358",18,"L1","rep_18","harvest",0.662244897959184,"penalty"
"1359",19,"L1","rep_18","harvest",5.55408163265306,"penalty"
"1360",20,"L1","rep_18","harvest",0,"penalty"
"1361",1,"L1","rep_19","harvest",6.53244897959184,"penalty"
"1362",2,"L1","rep_19","harvest",0.01,"penalty"
"1363",3,"L1","rep_19","harvest",0.01,"penalty"
"1364",4,"L1","rep_19","harvest",0.01,"penalty"
"1365",5,"L1","rep_19","harvest",0.01,"penalty"
"1366",6,"L1","rep_19","harvest",2.45591836734694,"penalty"
"1367",7,"L1","rep_19","harvest",0.662244897959184,"penalty"
"1368",8,"L1","rep_19","harvest",0.988367346938776,"penalty"
"1369",9,"L1","rep_19","harvest",0.988367346938776,"penalty"
"1370",10,"L1","rep_19","harvest",0.988367346938776,"penalty"
"1371",11,"L1","rep_19","harvest",0.988367346938776,"penalty"
"1372",12,"L1","rep_19","harvest",0.988367346938776,"penalty"
"1373",13,"L1","rep_19","harvest",0.988367346938776,"penalty"
"1374",14,"L1","rep_19","harvest",1.80367346938776,"penalty"
"1375",15,"L1","rep_19","harvest",1.80367346938776,"penalty"
"1376",16,"L1","rep_19","harvest",1.80367346938776,"penalty"
"1377",17,"L1","rep_19","harvest",1.47755102040816,"penalty"
"1378",18,"L1","rep_19","harvest",0.01,"penalty"
"1379",19,"L1","rep_19","harvest",8,"penalty"
"1380",20,"L1","rep_19","harvest",0,"penalty"
"1381",1,"L1","rep_20","harvest",6.53244897959184,"penalty"
"1382",2,"L1","rep_20","harvest",0.01,"penalty"
"1383",3,"L1","rep_20","harvest",0.01,"penalty"
"1384",4,"L1","rep_20","harvest",5.71714285714286,"penalty"
"1385",5,"L1","rep_20","harvest",0.01,"penalty"
"1386",6,"L1","rep_20","harvest",0.01,"penalty"
"1387",7,"L1","rep_20","harvest",0.01,"penalty"
"1388",8,"L1","rep_20","harvest",0.01,"penalty"
"1389",9,"L1","rep_20","harvest",0.01,"penalty"
"1390",10,"L1","rep_20","harvest",0.01,"penalty"
"1391",11,"L1","rep_20","harvest",0.01,"penalty"
"1392",12,"L1","rep_20","harvest",0.01,"penalty"
"1393",13,"L1","rep_20","harvest",0.01,"penalty"
"1394",14,"L1","rep_20","harvest",0.01,"penalty"
"1395",15,"L1","rep_20","harvest",5.55408163265306,"penalty"
"1396",16,"L1","rep_20","harvest",0.01,"penalty"
"1397",17,"L1","rep_20","harvest",0.01,"penalty"
"1398",18,"L1","rep_20","harvest",0.01,"penalty"
"1399",19,"L1","rep_20","harvest",7.34775510204082,"penalty"
"1400",20,"L1","rep_20","harvest",0,"penalty"
"1401",1,"L2","rep_11","harvest",2.12979591836735,"penalty"
"1402",2,"L2","rep_11","harvest",1.64061224489796,"penalty"
"1403",3,"L2","rep_11","harvest",1.31448979591837,"penalty"
"1404",4,"L2","rep_11","harvest",0.173061224489796,"penalty"
"1405",5,"L2","rep_11","harvest",0.01,"penalty"
"1406",6,"L2","rep_11","harvest",0.82530612244898,"penalty"
"1407",7,"L2","rep_11","harvest",0.499183673469388,"penalty"
"1408",8,"L2","rep_11","harvest",1.64061224489796,"penalty"
"1409",9,"L2","rep_11","harvest",1.96673469387755,"penalty"
"1410",10,"L2","rep_11","harvest",1.47755102040816,"penalty"
"1411",11,"L2","rep_11","harvest",0.499183673469388,"penalty"
"1412",12,"L2","rep_11","harvest",0.173061224489796,"penalty"
"1413",13,"L2","rep_11","harvest",0.336122448979592,"penalty"
"1414",14,"L2","rep_11","harvest",0.01,"penalty"
"1415",15,"L2","rep_11","harvest",0.336122448979592,"penalty"
"1416",16,"L2","rep_11","harvest",0.173061224489796,"penalty"
"1417",17,"L2","rep_11","harvest",0.82530612244898,"penalty"
"1418",18,"L2","rep_11","harvest",1.47755102040816,"penalty"
"1419",19,"L2","rep_11","harvest",3.43428571428571,"penalty"
"1420",20,"L2","rep_11","harvest",0,"penalty"
"1421",1,"L2","rep_12","harvest",2.12979591836735,"penalty"
"1422",2,"L2","rep_12","harvest",0.988367346938776,"penalty"
"1423",3,"L2","rep_12","harvest",1.96673469387755,"penalty"
"1424",4,"L2","rep_12","harvest",0.82530612244898,"penalty"
"1425",5,"L2","rep_12","harvest",0.336122448979592,"penalty"
"1426",6,"L2","rep_12","harvest",0.01,"penalty"
"1427",7,"L2","rep_12","harvest",0.01,"penalty"
"1428",8,"L2","rep_12","harvest",0.336122448979592,"penalty"
"1429",9,"L2","rep_12","harvest",0.336122448979592,"penalty"
"1430",10,"L2","rep_12","harvest",0.662244897959184,"penalty"
"1431",11,"L2","rep_12","harvest",0.988367346938776,"penalty"
"1432",12,"L2","rep_12","harvest",0.499183673469388,"penalty"
"1433",13,"L2","rep_12","harvest",0.173061224489796,"penalty"
"1434",14,"L2","rep_12","harvest",0.173061224489796,"penalty"
"1435",15,"L2","rep_12","harvest",0.499183673469388,"penalty"
"1436",16,"L2","rep_12","harvest",0.82530612244898,"penalty"
"1437",17,"L2","rep_12","harvest",0.988367346938776,"penalty"
"1438",18,"L2","rep_12","harvest",2.29285714285714,"penalty"
"1439",19,"L2","rep_12","harvest",4.24959183673469,"penalty"
"1440",20,"L2","rep_12","harvest",0,"penalty"
"1441",1,"L2","rep_13","harvest",2.12979591836735,"penalty"
"1442",2,"L2","rep_13","harvest",2.61897959183673,"penalty"
"1443",3,"L2","rep_13","harvest",1.64061224489796,"penalty"
"1444",4,"L2","rep_13","harvest",2.29285714285714,"penalty"
"1445",5,"L2","rep_13","harvest",1.96673469387755,"penalty"
"1446",6,"L2","rep_13","harvest",2.12979591836735,"penalty"
"1447",7,"L2","rep_13","harvest",1.96673469387755,"penalty"
"1448",8,"L2","rep_13","harvest",2.29285714285714,"penalty"
"1449",9,"L2","rep_13","harvest",1.96673469387755,"penalty"
"1450",10,"L2","rep_13","harvest",0.988367346938776,"penalty"
"1451",11,"L2","rep_13","harvest",1.64061224489796,"penalty"
"1452",12,"L2","rep_13","harvest",0.82530612244898,"penalty"
"1453",13,"L2","rep_13","harvest",0.988367346938776,"penalty"
"1454",14,"L2","rep_13","harvest",0.173061224489796,"penalty"
"1455",15,"L2","rep_13","harvest",0.01,"penalty"
"1456",16,"L2","rep_13","harvest",0.173061224489796,"penalty"
"1457",17,"L2","rep_13","harvest",0.662244897959184,"penalty"
"1458",18,"L2","rep_13","harvest",2.29285714285714,"penalty"
"1459",19,"L2","rep_13","harvest",4.41265306122449,"penalty"
"1460",20,"L2","rep_13","harvest",0,"penalty"
"1461",1,"L2","rep_14","harvest",2.12979591836735,"penalty"
"1462",2,"L2","rep_14","harvest",1.47755102040816,"penalty"
"1463",3,"L2","rep_14","harvest",2.45591836734694,"penalty"
"1464",4,"L2","rep_14","harvest",3.76040816326531,"penalty"
"1465",5,"L2","rep_14","harvest",4.0865306122449,"penalty"
"1466",6,"L2","rep_14","harvest",2.29285714285714,"penalty"
"1467",7,"L2","rep_14","harvest",2.29285714285714,"penalty"
"1468",8,"L2","rep_14","harvest",1.47755102040816,"penalty"
"1469",9,"L2","rep_14","harvest",1.96673469387755,"penalty"
"1470",10,"L2","rep_14","harvest",1.31448979591837,"penalty"
"1471",11,"L2","rep_14","harvest",1.80367346938776,"penalty"
"1472",12,"L2","rep_14","harvest",1.15142857142857,"penalty"
"1473",13,"L2","rep_14","harvest",1.15142857142857,"penalty"
"1474",14,"L2","rep_14","harvest",1.64061224489796,"penalty"
"1475",15,"L2","rep_14","harvest",1.31448979591837,"penalty"
"1476",16,"L2","rep_14","harvest",1.47755102040816,"penalty"
"1477",17,"L2","rep_14","harvest",2.12979591836735,"penalty"
"1478",18,"L2","rep_14","harvest",3.76040816326531,"penalty"
"1479",19,"L2","rep_14","harvest",6.53244897959184,"penalty"
"1480",20,"L2","rep_14","harvest",0,"penalty"
"1481",1,"L2","rep_15","harvest",2.12979591836735,"penalty"
"1482",2,"L2","rep_15","harvest",2.29285714285714,"penalty"
"1483",3,"L2","rep_15","harvest",3.10816326530612,"penalty"
"1484",4,"L2","rep_15","harvest",1.96673469387755,"penalty"
"1485",5,"L2","rep_15","harvest",1.80367346938776,"penalty"
"1486",6,"L2","rep_15","harvest",1.80367346938776,"penalty"
"1487",7,"L2","rep_15","harvest",0.499183673469388,"penalty"
"1488",8,"L2","rep_15","harvest",0.662244897959184,"penalty"
"1489",9,"L2","rep_15","harvest",1.47755102040816,"penalty"
"1490",10,"L2","rep_15","harvest",1.31448979591837,"penalty"
"1491",11,"L2","rep_15","harvest",0.499183673469388,"penalty"
"1492",12,"L2","rep_15","harvest",1.15142857142857,"penalty"
"1493",13,"L2","rep_15","harvest",0.988367346938776,"penalty"
"1494",14,"L2","rep_15","harvest",1.15142857142857,"penalty"
"1495",15,"L2","rep_15","harvest",0.336122448979592,"penalty"
"1496",16,"L2","rep_15","harvest",1.47755102040816,"penalty"
"1497",17,"L2","rep_15","harvest",1.80367346938776,"penalty"
"1498",18,"L2","rep_15","harvest",2.12979591836735,"penalty"
"1499",19,"L2","rep_15","harvest",3.76040816326531,"penalty"
"1500",20,"L2","rep_15","harvest",0,"penalty"
"1501",1,"L2","rep_16","harvest",2.12979591836735,"penalty"
"1502",2,"L2","rep_16","harvest",2.45591836734694,"penalty"
"1503",3,"L2","rep_16","harvest",1.64061224489796,"penalty"
"1504",4,"L2","rep_16","harvest",1.96673469387755,"penalty"
"1505",5,"L2","rep_16","harvest",0.499183673469388,"penalty"
"1506",6,"L2","rep_16","harvest",1.31448979591837,"penalty"
"1507",7,"L2","rep_16","harvest",0.988367346938776,"penalty"
"1508",8,"L2","rep_16","harvest",0.336122448979592,"penalty"
"1509",9,"L2","rep_16","harvest",0.662244897959184,"penalty"
"1510",10,"L2","rep_16","harvest",1.47755102040816,"penalty"
"1511",11,"L2","rep_16","harvest",1.80367346938776,"penalty"
"1512",12,"L2","rep_16","harvest",2.78204081632653,"penalty"
"1513",13,"L2","rep_16","harvest",2.12979591836735,"penalty"
"1514",14,"L2","rep_16","harvest",0.988367346938776,"penalty"
"1515",15,"L2","rep_16","harvest",1.96673469387755,"penalty"
"1516",16,"L2","rep_16","harvest",2.29285714285714,"penalty"
"1517",17,"L2","rep_16","harvest",0.988367346938776,"penalty"
"1518",18,"L2","rep_16","harvest",1.80367346938776,"penalty"
"1519",19,"L2","rep_16","harvest",3.76040816326531,"penalty"
"1520",20,"L2","rep_16","harvest",0,"penalty"
"1521",1,"L2","rep_17","harvest",2.12979591836735,"penalty"
"1522",2,"L2","rep_17","harvest",1.31448979591837,"penalty"
"1523",3,"L2","rep_17","harvest",0.988367346938776,"penalty"
"1524",4,"L2","rep_17","harvest",0.82530612244898,"penalty"
"1525",5,"L2","rep_17","harvest",0.336122448979592,"penalty"
"1526",6,"L2","rep_17","harvest",1.15142857142857,"penalty"
"1527",7,"L2","rep_17","harvest",0.988367346938776,"penalty"
"1528",8,"L2","rep_17","harvest",1.64061224489796,"penalty"
"1529",9,"L2","rep_17","harvest",2.78204081632653,"penalty"
"1530",10,"L2","rep_17","harvest",2.29285714285714,"penalty"
"1531",11,"L2","rep_17","harvest",1.64061224489796,"penalty"
"1532",12,"L2","rep_17","harvest",2.12979591836735,"penalty"
"1533",13,"L2","rep_17","harvest",2.12979591836735,"penalty"
"1534",14,"L2","rep_17","harvest",2.45591836734694,"penalty"
"1535",15,"L2","rep_17","harvest",1.96673469387755,"penalty"
"1536",16,"L2","rep_17","harvest",2.78204081632653,"penalty"
"1537",17,"L2","rep_17","harvest",2.29285714285714,"penalty"
"1538",18,"L2","rep_17","harvest",2.94510204081633,"penalty"
"1539",19,"L2","rep_17","harvest",4.90183673469388,"penalty"
"1540",20,"L2","rep_17","harvest",0,"penalty"
"1541",1,"L2","rep_18","harvest",2.12979591836735,"penalty"
"1542",2,"L2","rep_18","harvest",2.94510204081633,"penalty"
"1543",3,"L2","rep_18","harvest",3.59734693877551,"penalty"
"1544",4,"L2","rep_18","harvest",0.988367346938776,"penalty"
"1545",5,"L2","rep_18","harvest",0.662244897959184,"penalty"
"1546",6,"L2","rep_18","harvest",0.499183673469388,"penalty"
"1547",7,"L2","rep_18","harvest",0.988367346938776,"penalty"
"1548",8,"L2","rep_18","harvest",0.336122448979592,"penalty"
"1549",9,"L2","rep_18","harvest",1.96673469387755,"penalty"
"1550",10,"L2","rep_18","harvest",1.96673469387755,"penalty"
"1551",11,"L2","rep_18","harvest",2.61897959183673,"penalty"
"1552",12,"L2","rep_18","harvest",0.499183673469388,"penalty"
"1553",13,"L2","rep_18","harvest",1.15142857142857,"penalty"
"1554",14,"L2","rep_18","harvest",0.499183673469388,"penalty"
"1555",15,"L2","rep_18","harvest",0.82530612244898,"penalty"
"1556",16,"L2","rep_18","harvest",0.499183673469388,"penalty"
"1557",17,"L2","rep_18","harvest",1.64061224489796,"penalty"
"1558",18,"L2","rep_18","harvest",1.64061224489796,"penalty"
"1559",19,"L2","rep_18","harvest",2.78204081632653,"penalty"
"1560",20,"L2","rep_18","harvest",0,"penalty"
"1561",1,"L2","rep_19","harvest",2.12979591836735,"penalty"
"1562",2,"L2","rep_19","harvest",1.15142857142857,"penalty"
"1563",3,"L2","rep_19","harvest",1.31448979591837,"penalty"
"1564",4,"L2","rep_19","harvest",0.82530612244898,"penalty"
"1565",5,"L2","rep_19","harvest",0.499183673469388,"penalty"
"1566",6,"L2","rep_19","harvest",1.31448979591837,"penalty"
"1567",7,"L2","rep_19","harvest",1.15142857142857,"penalty"
"1568",8,"L2","rep_19","harvest",1.64061224489796,"penalty"
"1569",9,"L2","rep_19","harvest",0.82530612244898,"penalty"
"1570",10,"L2","rep_19","harvest",0.662244897959184,"penalty"
"1571",11,"L2","rep_19","harvest",0.82530612244898,"penalty"
"1572",12,"L2","rep_19","harvest",1.15142857142857,"penalty"
"1573",13,"L2","rep_19","harvest",1.64061224489796,"penalty"
"1574",14,"L2","rep_19","harvest",1.80367346938776,"penalty"
"1575",15,"L2","rep_19","harvest",1.31448979591837,"penalty"
"1576",16,"L2","rep_19","harvest",1.64061224489796,"penalty"
"1577",17,"L2","rep_19","harvest",1.64061224489796,"penalty"
"1578",18,"L2","rep_19","harvest",1.47755102040816,"penalty"
"1579",19,"L2","rep_19","harvest",3.59734693877551,"penalty"
"1580",20,"L2","rep_19","harvest",0,"penalty"
"1581",1,"L2","rep_20","harvest",2.12979591836735,"penalty"
"1582",2,"L2","rep_20","harvest",3.10816326530612,"penalty"
"1583",3,"L2","rep_20","harvest",1.64061224489796,"penalty"
"1584",4,"L2","rep_20","harvest",2.45591836734694,"penalty"
"1585",5,"L2","rep_20","harvest",0.82530612244898,"penalty"
"1586",6,"L2","rep_20","harvest",0.499183673469388,"penalty"
"1587",7,"L2","rep_20","harvest",1.15142857142857,"penalty"
"1588",8,"L2","rep_20","harvest",0.01,"penalty"
"1589",9,"L2","rep_20","harvest",0.01,"penalty"
"1590",10,"L2","rep_20","harvest",0.01,"penalty"
"1591",11,"L2","rep_20","harvest",0.01,"penalty"
"1592",12,"L2","rep_20","harvest",0.499183673469388,"penalty"
"1593",13,"L2","rep_20","harvest",0.82530612244898,"penalty"
"1594",14,"L2","rep_20","harvest",0.662244897959184,"penalty"
"1595",15,"L2","rep_20","harvest",1.64061224489796,"penalty"
"1596",16,"L2","rep_20","harvest",0.662244897959184,"penalty"
"1597",17,"L2","rep_20","harvest",0.82530612244898,"penalty"
"1598",18,"L2","rep_20","harvest",1.96673469387755,"penalty"
"1599",19,"L2","rep_20","harvest",3.76040816326531,"penalty"
"1600",20,"L2","rep_20","harvest",0,"penalty"
"1601",1,"fixed","rep_11","harvest",7.67387755102041,"penalty"
"1602",2,"fixed","rep_11","harvest",0.01,"penalty"
"1603",3,"fixed","rep_11","harvest",0.01,"penalty"
"1604",4,"fixed","rep_11","harvest",0.01,"penalty"
"1605",5,"fixed","rep_11","harvest",0.01,"penalty"
"1606",6,"fixed","rep_11","harvest",0.01,"penalty"
"1607",7,"fixed","rep_11","harvest",0.01,"penalty"
"1608",8,"fixed","rep_11","harvest",0.01,"penalty"
"1609",9,"fixed","rep_11","harvest",7.34775510204082,"penalty"
"1610",10,"fixed","rep_11","harvest",0.01,"penalty"
"1611",11,"fixed","rep_11","harvest",0.01,"penalty"
"1612",12,"fixed","rep_11","harvest",0.01,"penalty"
"1613",13,"fixed","rep_11","harvest",0.01,"penalty"
"1614",14,"fixed","rep_11","harvest",0.01,"penalty"
"1615",15,"fixed","rep_11","harvest",0.01,"penalty"
"1616",16,"fixed","rep_11","harvest",0.01,"penalty"
"1617",17,"fixed","rep_11","harvest",0.01,"penalty"
"1618",18,"fixed","rep_11","harvest",0.01,"penalty"
"1619",19,"fixed","rep_11","harvest",8,"penalty"
"1620",20,"fixed","rep_11","harvest",0,"penalty"
"1621",1,"fixed","rep_12","harvest",7.67387755102041,"penalty"
"1622",2,"fixed","rep_12","harvest",0.01,"penalty"
"1623",3,"fixed","rep_12","harvest",0.01,"penalty"
"1624",4,"fixed","rep_12","harvest",0.01,"penalty"
"1625",5,"fixed","rep_12","harvest",0.01,"penalty"
"1626",6,"fixed","rep_12","harvest",0.01,"penalty"
"1627",7,"fixed","rep_12","harvest",0.01,"penalty"
"1628",8,"fixed","rep_12","harvest",0.01,"penalty"
"1629",9,"fixed","rep_12","harvest",0.01,"penalty"
"1630",10,"fixed","rep_12","harvest",0.01,"penalty"
"1631",11,"fixed","rep_12","harvest",0.01,"penalty"
"1632",12,"fixed","rep_12","harvest",0.01,"penalty"
"1633",13,"fixed","rep_12","harvest",0.01,"penalty"
"1634",14,"fixed","rep_12","harvest",0.01,"penalty"
"1635",15,"fixed","rep_12","harvest",0.01,"penalty"
"1636",16,"fixed","rep_12","harvest",0.01,"penalty"
"1637",17,"fixed","rep_12","harvest",0.01,"penalty"
"1638",18,"fixed","rep_12","harvest",4.0865306122449,"penalty"
"1639",19,"fixed","rep_12","harvest",7.34775510204082,"penalty"
"1640",20,"fixed","rep_12","harvest",0,"penalty"
"1641",1,"fixed","rep_13","harvest",7.67387755102041,"penalty"
"1642",2,"fixed","rep_13","harvest",0.01,"penalty"
"1643",3,"fixed","rep_13","harvest",0.01,"penalty"
"1644",4,"fixed","rep_13","harvest",0.01,"penalty"
"1645",5,"fixed","rep_13","harvest",0.01,"penalty"
"1646",6,"fixed","rep_13","harvest",8,"penalty"
"1647",7,"fixed","rep_13","harvest",0.01,"penalty"
"1648",8,"fixed","rep_13","harvest",0.01,"penalty"
"1649",9,"fixed","rep_13","harvest",0.01,"penalty"
"1650",10,"fixed","rep_13","harvest",0.01,"penalty"
"1651",11,"fixed","rep_13","harvest",8,"penalty"
"1652",12,"fixed","rep_13","harvest",0.01,"penalty"
"1653",13,"fixed","rep_13","harvest",0.01,"penalty"
"1654",14,"fixed","rep_13","harvest",0.01,"penalty"
"1655",15,"fixed","rep_13","harvest",0.01,"penalty"
"1656",16,"fixed","rep_13","harvest",0.01,"penalty"
"1657",17,"fixed","rep_13","harvest",0.01,"penalty"
"1658",18,"fixed","rep_13","harvest",0.01,"penalty"
"1659",19,"fixed","rep_13","harvest",8,"penalty"
"1660",20,"fixed","rep_13","harvest",0,"penalty"
"1661",1,"fixed","rep_14","harvest",7.67387755102041,"penalty"
"1662",2,"fixed","rep_14","harvest",0.01,"penalty"
"1663",3,"fixed","rep_14","harvest",0.01,"penalty"
"1664",4,"fixed","rep_14","harvest",6.85857142857143,"penalty"
"1665",5,"fixed","rep_14","harvest",0.01,"penalty"
"1666",6,"fixed","rep_14","harvest",0.01,"penalty"
"1667",7,"fixed","rep_14","harvest",0.01,"penalty"
"1668",8,"fixed","rep_14","harvest",5.88020408163265,"penalty"
"1669",9,"fixed","rep_14","harvest",0.01,"penalty"
"1670",10,"fixed","rep_14","harvest",0.01,"penalty"
"1671",11,"fixed","rep_14","harvest",0.01,"penalty"
"1672",12,"fixed","rep_14","harvest",0.01,"penalty"
"1673",13,"fixed","rep_14","harvest",5.88020408163265,"penalty"
"1674",14,"fixed","rep_14","harvest",0.01,"penalty"
"1675",15,"fixed","rep_14","harvest",0.01,"penalty"
"1676",16,"fixed","rep_14","harvest",0.01,"penalty"
"1677",17,"fixed","rep_14","harvest",0.01,"penalty"
"1678",18,"fixed","rep_14","harvest",6.20632653061225,"penalty"
"1679",19,"fixed","rep_14","harvest",8,"penalty"
"1680",20,"fixed","rep_14","harvest",0,"penalty"
"1681",1,"fixed","rep_15","harvest",7.67387755102041,"penalty"
"1682",2,"fixed","rep_15","harvest",0.01,"penalty"
"1683",3,"fixed","rep_15","harvest",0.01,"penalty"
"1684",4,"fixed","rep_15","harvest",0.01,"penalty"
"1685",5,"fixed","rep_15","harvest",6.20632653061225,"penalty"
"1686",6,"fixed","rep_15","harvest",0.01,"penalty"
"1687",7,"fixed","rep_15","harvest",0.01,"penalty"
"1688",8,"fixed","rep_15","harvest",0.01,"penalty"
"1689",9,"fixed","rep_15","harvest",0.01,"penalty"
"1690",10,"fixed","rep_15","harvest",0.01,"penalty"
"1691",11,"fixed","rep_15","harvest",0.01,"penalty"
"1692",12,"fixed","rep_15","harvest",6.36938775510204,"penalty"
"1693",13,"fixed","rep_15","harvest",0.01,"penalty"
"1694",14,"fixed","rep_15","harvest",0.01,"penalty"
"1695",15,"fixed","rep_15","harvest",0.01,"penalty"
"1696",16,"fixed","rep_15","harvest",0.01,"penalty"
"1697",17,"fixed","rep_15","harvest",0.01,"penalty"
"1698",18,"fixed","rep_15","harvest",8,"penalty"
"1699",19,"fixed","rep_15","harvest",0.01,"penalty"
"1700",20,"fixed","rep_15","harvest",0,"penalty"
"1701",1,"fixed","rep_16","harvest",7.67387755102041,"penalty"
"1702",2,"fixed","rep_16","harvest",0.01,"penalty"
"1703",3,"fixed","rep_16","harvest",0.01,"penalty"
"1704",4,"fixed","rep_16","harvest",0.01,"penalty"
"1705",5,"fixed","rep_16","harvest",0.01,"penalty"
"1706",6,"fixed","rep_16","harvest",0.01,"penalty"
"1707",7,"fixed","rep_16","harvest",0.01,"penalty"
"1708",8,"fixed","rep_16","harvest",0.01,"penalty"
"1709",9,"fixed","rep_16","harvest",0.01,"penalty"
"1710",10,"fixed","rep_16","harvest",8,"penalty"
"1711",11,"fixed","rep_16","harvest",0.01,"penalty"
"1712",12,"fixed","rep_16","harvest",0.01,"penalty"
"1713",13,"fixed","rep_16","harvest",0.01,"penalty"
"1714",14,"fixed","rep_16","harvest",0.01,"penalty"
"1715",15,"fixed","rep_16","harvest",7.67387755102041,"penalty"
"1716",16,"fixed","rep_16","harvest",0.01,"penalty"
"1717",17,"fixed","rep_16","harvest",0.01,"penalty"
"1718",18,"fixed","rep_16","harvest",0.01,"penalty"
"1719",19,"fixed","rep_16","harvest",7.34775510204082,"penalty"
"1720",20,"fixed","rep_16","harvest",0,"penalty"
"1721",1,"fixed","rep_17","harvest",7.67387755102041,"penalty"
"1722",2,"fixed","rep_17","harvest",0.01,"penalty"
"1723",3,"fixed","rep_17","harvest",0.01,"penalty"
"1724",4,"fixed","rep_17","harvest",0.01,"penalty"
"1725",5,"fixed","rep_17","harvest",0.01,"penalty"
"1726",6,"fixed","rep_17","harvest",0.01,"penalty"
"1727",7,"fixed","rep_17","harvest",0.01,"penalty"
"1728",8,"fixed","rep_17","harvest",6.85857142857143,"penalty"
"1729",9,"fixed","rep_17","harvest",0.01,"penalty"
"1730",10,"fixed","rep_17","harvest",0.01,"penalty"
"1731",11,"fixed","rep_17","harvest",0.01,"penalty"
"1732",12,"fixed","rep_17","harvest",7.67387755102041,"penalty"
"1733",13,"fixed","rep_17","harvest",0.01,"penalty"
"1734",14,"fixed","rep_17","harvest",0.01,"penalty"
"1735",15,"fixed","rep_17","harvest",0.01,"penalty"
"1736",16,"fixed","rep_17","harvest",7.34775510204082,"penalty"
"1737",17,"fixed","rep_17","harvest",0.01,"penalty"
"1738",18,"fixed","rep_17","harvest",0.01,"penalty"
"1739",19,"fixed","rep_17","harvest",7.8369387755102,"penalty"
"1740",20,"fixed","rep_17","harvest",0,"penalty"
"1741",1,"fixed","rep_18","harvest",7.67387755102041,"penalty"
"1742",2,"fixed","rep_18","harvest",0.01,"penalty"
"1743",3,"fixed","rep_18","harvest",0.01,"penalty"
"1744",4,"fixed","rep_18","harvest",0.01,"penalty"
"1745",5,"fixed","rep_18","harvest",0.01,"penalty"
"1746",6,"fixed","rep_18","harvest",0.01,"penalty"
"1747",7,"fixed","rep_18","harvest",0.01,"penalty"
"1748",8,"fixed","rep_18","harvest",0.01,"penalty"
"1749",9,"fixed","rep_18","harvest",8,"penalty"
"1750",10,"fixed","rep_18","harvest",0.01,"penalty"
"1751",11,"fixed","rep_18","harvest",0.01,"penalty"
"1752",12,"fixed","rep_18","harvest",0.01,"penalty"
"1753",13,"fixed","rep_18","harvest",0.01,"penalty"
"1754",14,"fixed","rep_18","harvest",0.01,"penalty"
"1755",15,"fixed","rep_18","harvest",0.01,"penalty"
"1756",16,"fixed","rep_18","harvest",0.01,"penalty"
"1757",17,"fixed","rep_18","harvest",5.39102040816327,"penalty"
"1758",18,"fixed","rep_18","harvest",0.01,"penalty"
"1759",19,"fixed","rep_18","harvest",4.90183673469388,"penalty"
"1760",20,"fixed","rep_18","harvest",0,"penalty"
"1761",1,"fixed","rep_19","harvest",7.67387755102041,"penalty"
"1762",2,"fixed","rep_19","harvest",0.01,"penalty"
"1763",3,"fixed","rep_19","harvest",0.01,"penalty"
"1764",4,"fixed","rep_19","harvest",0.01,"penalty"
"1765",5,"fixed","rep_19","harvest",0.01,"penalty"
"1766",6,"fixed","rep_19","harvest",0.01,"penalty"
"1767",7,"fixed","rep_19","harvest",0.01,"penalty"
"1768",8,"fixed","rep_19","harvest",7.02163265306122,"penalty"
"1769",9,"fixed","rep_19","harvest",0.01,"penalty"
"1770",10,"fixed","rep_19","harvest",0.01,"penalty"
"1771",11,"fixed","rep_19","harvest",0.01,"penalty"
"1772",12,"fixed","rep_19","harvest",0.01,"penalty"
"1773",13,"fixed","rep_19","harvest",0.01,"penalty"
"1774",14,"fixed","rep_19","harvest",7.02163265306122,"penalty"
"1775",15,"fixed","rep_19","harvest",0.01,"penalty"
"1776",16,"fixed","rep_19","harvest",0.01,"penalty"
"1777",17,"fixed","rep_19","harvest",0.01,"penalty"
"1778",18,"fixed","rep_19","harvest",0.01,"penalty"
"1779",19,"fixed","rep_19","harvest",8,"penalty"
"1780",20,"fixed","rep_19","harvest",0,"penalty"
"1781",1,"fixed","rep_20","harvest",7.67387755102041,"penalty"
"1782",2,"fixed","rep_20","harvest",0.01,"penalty"
"1783",3,"fixed","rep_20","harvest",0.01,"penalty"
"1784",4,"fixed","rep_20","harvest",0.01,"penalty"
"1785",5,"fixed","rep_20","harvest",0.01,"penalty"
"1786",6,"fixed","rep_20","harvest",0.01,"penalty"
"1787",7,"fixed","rep_20","harvest",0.01,"penalty"
"1788",8,"fixed","rep_20","harvest",0.01,"penalty"
"1789",9,"fixed","rep_20","harvest",0.01,"penalty"
"1790",10,"fixed","rep_20","harvest",0.01,"penalty"
"1791",11,"fixed","rep_20","harvest",0.01,"penalty"
"1792",12,"fixed","rep_20","harvest",0.01,"penalty"
"1793",13,"fixed","rep_20","harvest",0.01,"penalty"
"1794",14,"fixed","rep_20","harvest",0.01,"penalty"
"1795",15,"fixed","rep_20","harvest",7.02163265306122,"penalty"
"1796",16,"fixed","rep_20","harvest",0.01,"penalty"
"1797",17,"fixed","rep_20","harvest",0.01,"penalty"
"1798",18,"fixed","rep_20","harvest",0.01,"penalty"
"1799",19,"fixed","rep_20","harvest",6.69551020408163,"penalty"
"1800",20,"fixed","rep_20","harvest",0,"penalty"
"1801",1,"L1","rep_11","harvest",6.36938775510204,"no_penalty"
"1802",2,"L1","rep_11","harvest",0.01,"no_penalty"
"1803",3,"L1","rep_11","harvest",0.01,"no_penalty"
"1804",4,"L1","rep_11","harvest",0.01,"no_penalty"
"1805",5,"L1","rep_11","harvest",0.01,"no_penalty"
"1806",6,"L1","rep_11","harvest",0.01,"no_penalty"
"1807",7,"L1","rep_11","harvest",0.01,"no_penalty"
"1808",8,"L1","rep_11","harvest",4.90183673469388,"no_penalty"
"1809",9,"L1","rep_11","harvest",0.01,"no_penalty"
"1810",10,"L1","rep_11","harvest",0.01,"no_penalty"
"1811",11,"L1","rep_11","harvest",0.01,"no_penalty"
"1812",12,"L1","rep_11","harvest",0.01,"no_penalty"
"1813",13,"L1","rep_11","harvest",0.01,"no_penalty"
"1814",14,"L1","rep_11","harvest",0.01,"no_penalty"
"1815",15,"L1","rep_11","harvest",0.01,"no_penalty"
"1816",16,"L1","rep_11","harvest",0.01,"no_penalty"
"1817",17,"L1","rep_11","harvest",0.01,"no_penalty"
"1818",18,"L1","rep_11","harvest",0.499183673469388,"no_penalty"
"1819",19,"L1","rep_11","harvest",8,"no_penalty"
"1820",20,"L1","rep_11","harvest",0,"no_penalty"
"1821",1,"L1","rep_12","harvest",6.36938775510204,"no_penalty"
"1822",2,"L1","rep_12","harvest",0.01,"no_penalty"
"1823",3,"L1","rep_12","harvest",0.01,"no_penalty"
"1824",4,"L1","rep_12","harvest",0.01,"no_penalty"
"1825",5,"L1","rep_12","harvest",0.01,"no_penalty"
"1826",6,"L1","rep_12","harvest",0.01,"no_penalty"
"1827",7,"L1","rep_12","harvest",0.01,"no_penalty"
"1828",8,"L1","rep_12","harvest",0.01,"no_penalty"
"1829",9,"L1","rep_12","harvest",0.01,"no_penalty"
"1830",10,"L1","rep_12","harvest",0.01,"no_penalty"
"1831",11,"L1","rep_12","harvest",3.10816326530612,"no_penalty"
"1832",12,"L1","rep_12","harvest",0.01,"no_penalty"
"1833",13,"L1","rep_12","harvest",0.01,"no_penalty"
"1834",14,"L1","rep_12","harvest",0.01,"no_penalty"
"1835",15,"L1","rep_12","harvest",0.01,"no_penalty"
"1836",16,"L1","rep_12","harvest",0.01,"no_penalty"
"1837",17,"L1","rep_12","harvest",0.01,"no_penalty"
"1838",18,"L1","rep_12","harvest",3.10816326530612,"no_penalty"
"1839",19,"L1","rep_12","harvest",7.67387755102041,"no_penalty"
"1840",20,"L1","rep_12","harvest",0,"no_penalty"
"1841",1,"L1","rep_13","harvest",6.36938775510204,"no_penalty"
"1842",2,"L1","rep_13","harvest",0.01,"no_penalty"
"1843",3,"L1","rep_13","harvest",0.01,"no_penalty"
"1844",4,"L1","rep_13","harvest",5.71714285714286,"no_penalty"
"1845",5,"L1","rep_13","harvest",0.01,"no_penalty"
"1846",6,"L1","rep_13","harvest",1.64061224489796,"no_penalty"
"1847",7,"L1","rep_13","harvest",1.64061224489796,"no_penalty"
"1848",8,"L1","rep_13","harvest",4.24959183673469,"no_penalty"
"1849",9,"L1","rep_13","harvest",0.01,"no_penalty"
"1850",10,"L1","rep_13","harvest",0.01,"no_penalty"
"1851",11,"L1","rep_13","harvest",4.57571428571429,"no_penalty"
"1852",12,"L1","rep_13","harvest",0.01,"no_penalty"
"1853",13,"L1","rep_13","harvest",0.01,"no_penalty"
"1854",14,"L1","rep_13","harvest",0.01,"no_penalty"
"1855",15,"L1","rep_13","harvest",0.01,"no_penalty"
"1856",16,"L1","rep_13","harvest",0.01,"no_penalty"
"1857",17,"L1","rep_13","harvest",0.01,"no_penalty"
"1858",18,"L1","rep_13","harvest",2.29285714285714,"no_penalty"
"1859",19,"L1","rep_13","harvest",7.34775510204082,"no_penalty"
"1860",20,"L1","rep_13","harvest",0,"no_penalty"
"1861",1,"L1","rep_14","harvest",6.36938775510204,"no_penalty"
"1862",2,"L1","rep_14","harvest",0.01,"no_penalty"
"1863",3,"L1","rep_14","harvest",0.499183673469388,"no_penalty"
"1864",4,"L1","rep_14","harvest",7.8369387755102,"no_penalty"
"1865",5,"L1","rep_14","harvest",0.01,"no_penalty"
"1866",6,"L1","rep_14","harvest",0.01,"no_penalty"
"1867",7,"L1","rep_14","harvest",6.04326530612245,"no_penalty"
"1868",8,"L1","rep_14","harvest",0.01,"no_penalty"
"1869",9,"L1","rep_14","harvest",0.499183673469388,"no_penalty"
"1870",10,"L1","rep_14","harvest",0.01,"no_penalty"
"1871",11,"L1","rep_14","harvest",5.71714285714286,"no_penalty"
"1872",12,"L1","rep_14","harvest",0.01,"no_penalty"
"1873",13,"L1","rep_14","harvest",0.01,"no_penalty"
"1874",14,"L1","rep_14","harvest",1.80367346938776,"no_penalty"
"1875",15,"L1","rep_14","harvest",0.01,"no_penalty"
"1876",16,"L1","rep_14","harvest",2.61897959183673,"no_penalty"
"1877",17,"L1","rep_14","harvest",1.47755102040816,"no_penalty"
"1878",18,"L1","rep_14","harvest",4.24959183673469,"no_penalty"
"1879",19,"L1","rep_14","harvest",8,"no_penalty"
"1880",20,"L1","rep_14","harvest",0,"no_penalty"
"1881",1,"L1","rep_15","harvest",6.36938775510204,"no_penalty"
"1882",2,"L1","rep_15","harvest",0.01,"no_penalty"
"1883",3,"L1","rep_15","harvest",3.76040816326531,"no_penalty"
"1884",4,"L1","rep_15","harvest",0.01,"no_penalty"
"1885",5,"L1","rep_15","harvest",1.64061224489796,"no_penalty"
"1886",6,"L1","rep_15","harvest",1.64061224489796,"no_penalty"
"1887",7,"L1","rep_15","harvest",0.01,"no_penalty"
"1888",8,"L1","rep_15","harvest",0.01,"no_penalty"
"1889",9,"L1","rep_15","harvest",4.57571428571429,"no_penalty"
"1890",10,"L1","rep_15","harvest",0.01,"no_penalty"
"1891",11,"L1","rep_15","harvest",0.01,"no_penalty"
"1892",12,"L1","rep_15","harvest",0.499183673469388,"no_penalty"
"1893",13,"L1","rep_15","harvest",0.01,"no_penalty"
"1894",14,"L1","rep_15","harvest",3.10816326530612,"no_penalty"
"1895",15,"L1","rep_15","harvest",0.01,"no_penalty"
"1896",16,"L1","rep_15","harvest",1.15142857142857,"no_penalty"
"1897",17,"L1","rep_15","harvest",0.662244897959184,"no_penalty"
"1898",18,"L1","rep_15","harvest",0.82530612244898,"no_penalty"
"1899",19,"L1","rep_15","harvest",7.34775510204082,"no_penalty"
"1900",20,"L1","rep_15","harvest",0,"no_penalty"
"1901",1,"L1","rep_16","harvest",6.36938775510204,"no_penalty"
"1902",2,"L1","rep_16","harvest",0.01,"no_penalty"
"1903",3,"L1","rep_16","harvest",0.01,"no_penalty"
"1904",4,"L1","rep_16","harvest",4.24959183673469,"no_penalty"
"1905",5,"L1","rep_16","harvest",0.01,"no_penalty"
"1906",6,"L1","rep_16","harvest",0.01,"no_penalty"
"1907",7,"L1","rep_16","harvest",0.01,"no_penalty"
"1908",8,"L1","rep_16","harvest",0.01,"no_penalty"
"1909",9,"L1","rep_16","harvest",0.499183673469388,"no_penalty"
"1910",10,"L1","rep_16","harvest",4.90183673469388,"no_penalty"
"1911",11,"L1","rep_16","harvest",0.01,"no_penalty"
"1912",12,"L1","rep_16","harvest",5.71714285714286,"no_penalty"
"1913",13,"L1","rep_16","harvest",0.01,"no_penalty"
"1914",14,"L1","rep_16","harvest",0.01,"no_penalty"
"1915",15,"L1","rep_16","harvest",3.9234693877551,"no_penalty"
"1916",16,"L1","rep_16","harvest",0.01,"no_penalty"
"1917",17,"L1","rep_16","harvest",0.01,"no_penalty"
"1918",18,"L1","rep_16","harvest",0.499183673469388,"no_penalty"
"1919",19,"L1","rep_16","harvest",8,"no_penalty"
"1920",20,"L1","rep_16","harvest",0,"no_penalty"
"1921",1,"L1","rep_17","harvest",6.36938775510204,"no_penalty"
"1922",2,"L1","rep_17","harvest",0.01,"no_penalty"
"1923",3,"L1","rep_17","harvest",0.01,"no_penalty"
"1924",4,"L1","rep_17","harvest",0.01,"no_penalty"
"1925",5,"L1","rep_17","harvest",0.01,"no_penalty"
"1926",6,"L1","rep_17","harvest",0.988367346938776,"no_penalty"
"1927",7,"L1","rep_17","harvest",0.499183673469388,"no_penalty"
"1928",8,"L1","rep_17","harvest",4.90183673469388,"no_penalty"
"1929",9,"L1","rep_17","harvest",0.988367346938776,"no_penalty"
"1930",10,"L1","rep_17","harvest",1.64061224489796,"no_penalty"
"1931",11,"L1","rep_17","harvest",0.988367346938776,"no_penalty"
"1932",12,"L1","rep_17","harvest",4.90183673469388,"no_penalty"
"1933",13,"L1","rep_17","harvest",0.01,"no_penalty"
"1934",14,"L1","rep_17","harvest",4.41265306122449,"no_penalty"
"1935",15,"L1","rep_17","harvest",0.01,"no_penalty"
"1936",16,"L1","rep_17","harvest",4.24959183673469,"no_penalty"
"1937",17,"L1","rep_17","harvest",0.01,"no_penalty"
"1938",18,"L1","rep_17","harvest",1.64061224489796,"no_penalty"
"1939",19,"L1","rep_17","harvest",7.67387755102041,"no_penalty"
"1940",20,"L1","rep_17","harvest",0,"no_penalty"
"1941",1,"L1","rep_18","harvest",6.36938775510204,"no_penalty"
"1942",2,"L1","rep_18","harvest",0.01,"no_penalty"
"1943",3,"L1","rep_18","harvest",5.39102040816327,"no_penalty"
"1944",4,"L1","rep_18","harvest",0.01,"no_penalty"
"1945",5,"L1","rep_18","harvest",0.01,"no_penalty"
"1946",6,"L1","rep_18","harvest",0.01,"no_penalty"
"1947",7,"L1","rep_18","harvest",0.01,"no_penalty"
"1948",8,"L1","rep_18","harvest",0.01,"no_penalty"
"1949",9,"L1","rep_18","harvest",7.02163265306122,"no_penalty"
"1950",10,"L1","rep_18","harvest",0.01,"no_penalty"
"1951",11,"L1","rep_18","harvest",1.64061224489796,"no_penalty"
"1952",12,"L1","rep_18","harvest",0.01,"no_penalty"
"1953",13,"L1","rep_18","harvest",0.01,"no_penalty"
"1954",14,"L1","rep_18","harvest",0.01,"no_penalty"
"1955",15,"L1","rep_18","harvest",0.173061224489796,"no_penalty"
"1956",16,"L1","rep_18","harvest",0.01,"no_penalty"
"1957",17,"L1","rep_18","harvest",3.9234693877551,"no_penalty"
"1958",18,"L1","rep_18","harvest",0.01,"no_penalty"
"1959",19,"L1","rep_18","harvest",5.39102040816327,"no_penalty"
"1960",20,"L1","rep_18","harvest",0,"no_penalty"
"1961",1,"L1","rep_19","harvest",6.36938775510204,"no_penalty"
"1962",2,"L1","rep_19","harvest",0.01,"no_penalty"
"1963",3,"L1","rep_19","harvest",0.01,"no_penalty"
"1964",4,"L1","rep_19","harvest",0.01,"no_penalty"
"1965",5,"L1","rep_19","harvest",0.01,"no_penalty"
"1966",6,"L1","rep_19","harvest",3.76040816326531,"no_penalty"
"1967",7,"L1","rep_19","harvest",0.01,"no_penalty"
"1968",8,"L1","rep_19","harvest",0.988367346938776,"no_penalty"
"1969",9,"L1","rep_19","harvest",0.01,"no_penalty"
"1970",10,"L1","rep_19","harvest",0.01,"no_penalty"
"1971",11,"L1","rep_19","harvest",0.988367346938776,"no_penalty"
"1972",12,"L1","rep_19","harvest",3.10816326530612,"no_penalty"
"1973",13,"L1","rep_19","harvest",0.499183673469388,"no_penalty"
"1974",14,"L1","rep_19","harvest",3.59734693877551,"no_penalty"
"1975",15,"L1","rep_19","harvest",0.01,"no_penalty"
"1976",16,"L1","rep_19","harvest",1.15142857142857,"no_penalty"
"1977",17,"L1","rep_19","harvest",0.01,"no_penalty"
"1978",18,"L1","rep_19","harvest",0.01,"no_penalty"
"1979",19,"L1","rep_19","harvest",8,"no_penalty"
"1980",20,"L1","rep_19","harvest",0,"no_penalty"
"1981",1,"L1","rep_20","harvest",6.36938775510204,"no_penalty"
"1982",2,"L1","rep_20","harvest",0.01,"no_penalty"
"1983",3,"L1","rep_20","harvest",0.01,"no_penalty"
"1984",4,"L1","rep_20","harvest",6.04326530612245,"no_penalty"
"1985",5,"L1","rep_20","harvest",0.01,"no_penalty"
"1986",6,"L1","rep_20","harvest",0.01,"no_penalty"
"1987",7,"L1","rep_20","harvest",0.01,"no_penalty"
"1988",8,"L1","rep_20","harvest",0.01,"no_penalty"
"1989",9,"L1","rep_20","harvest",0.01,"no_penalty"
"1990",10,"L1","rep_20","harvest",0.01,"no_penalty"
"1991",11,"L1","rep_20","harvest",0.01,"no_penalty"
"1992",12,"L1","rep_20","harvest",0.01,"no_penalty"
"1993",13,"L1","rep_20","harvest",0.01,"no_penalty"
"1994",14,"L1","rep_20","harvest",0.01,"no_penalty"
"1995",15,"L1","rep_20","harvest",5.71714285714286,"no_penalty"
"1996",16,"L1","rep_20","harvest",0.01,"no_penalty"
"1997",17,"L1","rep_20","harvest",0.01,"no_penalty"
"1998",18,"L1","rep_20","harvest",0.01,"no_penalty"
"1999",19,"L1","rep_20","harvest",7.34775510204082,"no_penalty"
"2000",20,"L1","rep_20","harvest",0,"no_penalty"
"2001",1,"L2","rep_11","harvest",6.36938775510204,"no_penalty"
"2002",2,"L2","rep_11","harvest",0.01,"no_penalty"
"2003",3,"L2","rep_11","harvest",0.01,"no_penalty"
"2004",4,"L2","rep_11","harvest",0.01,"no_penalty"
"2005",5,"L2","rep_11","harvest",0.01,"no_penalty"
"2006",6,"L2","rep_11","harvest",0.01,"no_penalty"
"2007",7,"L2","rep_11","harvest",0.01,"no_penalty"
"2008",8,"L2","rep_11","harvest",4.90183673469388,"no_penalty"
"2009",9,"L2","rep_11","harvest",0.01,"no_penalty"
"2010",10,"L2","rep_11","harvest",0.01,"no_penalty"
"2011",11,"L2","rep_11","harvest",0.01,"no_penalty"
"2012",12,"L2","rep_11","harvest",0.01,"no_penalty"
"2013",13,"L2","rep_11","harvest",0.01,"no_penalty"
"2014",14,"L2","rep_11","harvest",0.01,"no_penalty"
"2015",15,"L2","rep_11","harvest",0.01,"no_penalty"
"2016",16,"L2","rep_11","harvest",0.01,"no_penalty"
"2017",17,"L2","rep_11","harvest",0.01,"no_penalty"
"2018",18,"L2","rep_11","harvest",0.499183673469388,"no_penalty"
"2019",19,"L2","rep_11","harvest",8,"no_penalty"
"2020",20,"L2","rep_11","harvest",0,"no_penalty"
"2021",1,"L2","rep_12","harvest",6.36938775510204,"no_penalty"
"2022",2,"L2","rep_12","harvest",0.01,"no_penalty"
"2023",3,"L2","rep_12","harvest",0.01,"no_penalty"
"2024",4,"L2","rep_12","harvest",0.01,"no_penalty"
"2025",5,"L2","rep_12","harvest",0.01,"no_penalty"
"2026",6,"L2","rep_12","harvest",0.01,"no_penalty"
"2027",7,"L2","rep_12","harvest",0.01,"no_penalty"
"2028",8,"L2","rep_12","harvest",0.01,"no_penalty"
"2029",9,"L2","rep_12","harvest",0.01,"no_penalty"
"2030",10,"L2","rep_12","harvest",0.01,"no_penalty"
"2031",11,"L2","rep_12","harvest",3.10816326530612,"no_penalty"
"2032",12,"L2","rep_12","harvest",0.01,"no_penalty"
"2033",13,"L2","rep_12","harvest",0.01,"no_penalty"
"2034",14,"L2","rep_12","harvest",0.01,"no_penalty"
"2035",15,"L2","rep_12","harvest",0.01,"no_penalty"
"2036",16,"L2","rep_12","harvest",0.01,"no_penalty"
"2037",17,"L2","rep_12","harvest",0.01,"no_penalty"
"2038",18,"L2","rep_12","harvest",3.10816326530612,"no_penalty"
"2039",19,"L2","rep_12","harvest",7.67387755102041,"no_penalty"
"2040",20,"L2","rep_12","harvest",0,"no_penalty"
"2041",1,"L2","rep_13","harvest",6.36938775510204,"no_penalty"
"2042",2,"L2","rep_13","harvest",0.01,"no_penalty"
"2043",3,"L2","rep_13","harvest",0.01,"no_penalty"
"2044",4,"L2","rep_13","harvest",5.71714285714286,"no_penalty"
"2045",5,"L2","rep_13","harvest",0.01,"no_penalty"
"2046",6,"L2","rep_13","harvest",1.64061224489796,"no_penalty"
"2047",7,"L2","rep_13","harvest",1.64061224489796,"no_penalty"
"2048",8,"L2","rep_13","harvest",4.24959183673469,"no_penalty"
"2049",9,"L2","rep_13","harvest",0.01,"no_penalty"
"2050",10,"L2","rep_13","harvest",0.01,"no_penalty"
"2051",11,"L2","rep_13","harvest",4.57571428571429,"no_penalty"
"2052",12,"L2","rep_13","harvest",0.01,"no_penalty"
"2053",13,"L2","rep_13","harvest",0.01,"no_penalty"
"2054",14,"L2","rep_13","harvest",0.01,"no_penalty"
"2055",15,"L2","rep_13","harvest",0.01,"no_penalty"
"2056",16,"L2","rep_13","harvest",0.01,"no_penalty"
"2057",17,"L2","rep_13","harvest",0.01,"no_penalty"
"2058",18,"L2","rep_13","harvest",2.29285714285714,"no_penalty"
"2059",19,"L2","rep_13","harvest",7.34775510204082,"no_penalty"
"2060",20,"L2","rep_13","harvest",0,"no_penalty"
"2061",1,"L2","rep_14","harvest",6.36938775510204,"no_penalty"
"2062",2,"L2","rep_14","harvest",0.01,"no_penalty"
"2063",3,"L2","rep_14","harvest",0.499183673469388,"no_penalty"
"2064",4,"L2","rep_14","harvest",7.8369387755102,"no_penalty"
"2065",5,"L2","rep_14","harvest",0.01,"no_penalty"
"2066",6,"L2","rep_14","harvest",0.01,"no_penalty"
"2067",7,"L2","rep_14","harvest",6.04326530612245,"no_penalty"
"2068",8,"L2","rep_14","harvest",0.01,"no_penalty"
"2069",9,"L2","rep_14","harvest",0.499183673469388,"no_penalty"
"2070",10,"L2","rep_14","harvest",0.01,"no_penalty"
"2071",11,"L2","rep_14","harvest",5.71714285714286,"no_penalty"
"2072",12,"L2","rep_14","harvest",0.01,"no_penalty"
"2073",13,"L2","rep_14","harvest",0.01,"no_penalty"
"2074",14,"L2","rep_14","harvest",1.80367346938776,"no_penalty"
"2075",15,"L2","rep_14","harvest",0.01,"no_penalty"
"2076",16,"L2","rep_14","harvest",2.61897959183673,"no_penalty"
"2077",17,"L2","rep_14","harvest",1.47755102040816,"no_penalty"
"2078",18,"L2","rep_14","harvest",4.24959183673469,"no_penalty"
"2079",19,"L2","rep_14","harvest",8,"no_penalty"
"2080",20,"L2","rep_14","harvest",0,"no_penalty"
"2081",1,"L2","rep_15","harvest",6.36938775510204,"no_penalty"
"2082",2,"L2","rep_15","harvest",0.01,"no_penalty"
"2083",3,"L2","rep_15","harvest",3.76040816326531,"no_penalty"
"2084",4,"L2","rep_15","harvest",0.01,"no_penalty"
"2085",5,"L2","rep_15","harvest",1.64061224489796,"no_penalty"
"2086",6,"L2","rep_15","harvest",1.64061224489796,"no_penalty"
"2087",7,"L2","rep_15","harvest",0.01,"no_penalty"
"2088",8,"L2","rep_15","harvest",0.01,"no_penalty"
"2089",9,"L2","rep_15","harvest",4.57571428571429,"no_penalty"
"2090",10,"L2","rep_15","harvest",0.01,"no_penalty"
"2091",11,"L2","rep_15","harvest",0.01,"no_penalty"
"2092",12,"L2","rep_15","harvest",0.499183673469388,"no_penalty"
"2093",13,"L2","rep_15","harvest",0.01,"no_penalty"
"2094",14,"L2","rep_15","harvest",3.10816326530612,"no_penalty"
"2095",15,"L2","rep_15","harvest",0.01,"no_penalty"
"2096",16,"L2","rep_15","harvest",1.15142857142857,"no_penalty"
"2097",17,"L2","rep_15","harvest",0.662244897959184,"no_penalty"
"2098",18,"L2","rep_15","harvest",0.82530612244898,"no_penalty"
"2099",19,"L2","rep_15","harvest",7.34775510204082,"no_penalty"
"2100",20,"L2","rep_15","harvest",0,"no_penalty"
"2101",1,"L2","rep_16","harvest",6.36938775510204,"no_penalty"
"2102",2,"L2","rep_16","harvest",0.01,"no_penalty"
"2103",3,"L2","rep_16","harvest",0.01,"no_penalty"
"2104",4,"L2","rep_16","harvest",4.24959183673469,"no_penalty"
"2105",5,"L2","rep_16","harvest",0.01,"no_penalty"
"2106",6,"L2","rep_16","harvest",0.01,"no_penalty"
"2107",7,"L2","rep_16","harvest",0.01,"no_penalty"
"2108",8,"L2","rep_16","harvest",0.01,"no_penalty"
"2109",9,"L2","rep_16","harvest",0.499183673469388,"no_penalty"
"2110",10,"L2","rep_16","harvest",4.90183673469388,"no_penalty"
"2111",11,"L2","rep_16","harvest",0.01,"no_penalty"
"2112",12,"L2","rep_16","harvest",5.71714285714286,"no_penalty"
"2113",13,"L2","rep_16","harvest",0.01,"no_penalty"
"2114",14,"L2","rep_16","harvest",0.01,"no_penalty"
"2115",15,"L2","rep_16","harvest",3.9234693877551,"no_penalty"
"2116",16,"L2","rep_16","harvest",0.01,"no_penalty"
"2117",17,"L2","rep_16","harvest",0.01,"no_penalty"
"2118",18,"L2","rep_16","harvest",0.499183673469388,"no_penalty"
"2119",19,"L2","rep_16","harvest",8,"no_penalty"
"2120",20,"L2","rep_16","harvest",0,"no_penalty"
"2121",1,"L2","rep_17","harvest",6.36938775510204,"no_penalty"
"2122",2,"L2","rep_17","harvest",0.01,"no_penalty"
"2123",3,"L2","rep_17","harvest",0.01,"no_penalty"
"2124",4,"L2","rep_17","harvest",0.01,"no_penalty"
"2125",5,"L2","rep_17","harvest",0.01,"no_penalty"
"2126",6,"L2","rep_17","harvest",0.988367346938776,"no_penalty"
"2127",7,"L2","rep_17","harvest",0.499183673469388,"no_penalty"
"2128",8,"L2","rep_17","harvest",4.90183673469388,"no_penalty"
"2129",9,"L2","rep_17","harvest",0.988367346938776,"no_penalty"
"2130",10,"L2","rep_17","harvest",1.64061224489796,"no_penalty"
"2131",11,"L2","rep_17","harvest",0.988367346938776,"no_penalty"
"2132",12,"L2","rep_17","harvest",4.90183673469388,"no_penalty"
"2133",13,"L2","rep_17","harvest",0.01,"no_penalty"
"2134",14,"L2","rep_17","harvest",4.41265306122449,"no_penalty"
"2135",15,"L2","rep_17","harvest",0.01,"no_penalty"
"2136",16,"L2","rep_17","harvest",4.24959183673469,"no_penalty"
"2137",17,"L2","rep_17","harvest",0.01,"no_penalty"
"2138",18,"L2","rep_17","harvest",1.64061224489796,"no_penalty"
"2139",19,"L2","rep_17","harvest",7.67387755102041,"no_penalty"
"2140",20,"L2","rep_17","harvest",0,"no_penalty"
"2141",1,"L2","rep_18","harvest",6.36938775510204,"no_penalty"
"2142",2,"L2","rep_18","harvest",0.01,"no_penalty"
"2143",3,"L2","rep_18","harvest",5.39102040816327,"no_penalty"
"2144",4,"L2","rep_18","harvest",0.01,"no_penalty"
"2145",5,"L2","rep_18","harvest",0.01,"no_penalty"
"2146",6,"L2","rep_18","harvest",0.01,"no_penalty"
"2147",7,"L2","rep_18","harvest",0.01,"no_penalty"
"2148",8,"L2","rep_18","harvest",0.01,"no_penalty"
"2149",9,"L2","rep_18","harvest",7.02163265306122,"no_penalty"
"2150",10,"L2","rep_18","harvest",0.01,"no_penalty"
"2151",11,"L2","rep_18","harvest",1.64061224489796,"no_penalty"
"2152",12,"L2","rep_18","harvest",0.01,"no_penalty"
"2153",13,"L2","rep_18","harvest",0.01,"no_penalty"
"2154",14,"L2","rep_18","harvest",0.01,"no_penalty"
"2155",15,"L2","rep_18","harvest",0.173061224489796,"no_penalty"
"2156",16,"L2","rep_18","harvest",0.01,"no_penalty"
"2157",17,"L2","rep_18","harvest",3.9234693877551,"no_penalty"
"2158",18,"L2","rep_18","harvest",0.01,"no_penalty"
"2159",19,"L2","rep_18","harvest",5.39102040816327,"no_penalty"
"2160",20,"L2","rep_18","harvest",0,"no_penalty"
"2161",1,"L2","rep_19","harvest",6.36938775510204,"no_penalty"
"2162",2,"L2","rep_19","harvest",0.01,"no_penalty"
"2163",3,"L2","rep_19","harvest",0.01,"no_penalty"
"2164",4,"L2","rep_19","harvest",0.01,"no_penalty"
"2165",5,"L2","rep_19","harvest",0.01,"no_penalty"
"2166",6,"L2","rep_19","harvest",3.76040816326531,"no_penalty"
"2167",7,"L2","rep_19","harvest",0.01,"no_penalty"
"2168",8,"L2","rep_19","harvest",0.988367346938776,"no_penalty"
"2169",9,"L2","rep_19","harvest",0.01,"no_penalty"
"2170",10,"L2","rep_19","harvest",0.01,"no_penalty"
"2171",11,"L2","rep_19","harvest",0.988367346938776,"no_penalty"
"2172",12,"L2","rep_19","harvest",3.10816326530612,"no_penalty"
"2173",13,"L2","rep_19","harvest",0.499183673469388,"no_penalty"
"2174",14,"L2","rep_19","harvest",3.59734693877551,"no_penalty"
"2175",15,"L2","rep_19","harvest",0.01,"no_penalty"
"2176",16,"L2","rep_19","harvest",1.15142857142857,"no_penalty"
"2177",17,"L2","rep_19","harvest",0.01,"no_penalty"
"2178",18,"L2","rep_19","harvest",0.01,"no_penalty"
"2179",19,"L2","rep_19","harvest",8,"no_penalty"
"2180",20,"L2","rep_19","harvest",0,"no_penalty"
"2181",1,"L2","rep_20","harvest",6.36938775510204,"no_penalty"
"2182",2,"L2","rep_20","harvest",0.01,"no_penalty"
"2183",3,"L2","rep_20","harvest",0.01,"no_penalty"
"2184",4,"L2","rep_20","harvest",6.04326530612245,"no_penalty"
"2185",5,"L2","rep_20","harvest",0.01,"no_penalty"
"2186",6,"L2","rep_20","harvest",0.01,"no_penalty"
"2187",7,"L2","rep_20","harvest",0.01,"no_penalty"
"2188",8,"L2","rep_20","harvest",0.01,"no_penalty"
"2189",9,"L2","rep_20","harvest",0.01,"no_penalty"
"2190",10,"L2","rep_20","harvest",0.01,"no_penalty"
"2191",11,"L2","rep_20","harvest",0.01,"no_penalty"
"2192",12,"L2","rep_20","harvest",0.01,"no_penalty"
"2193",13,"L2","rep_20","harvest",0.01,"no_penalty"
"2194",14,"L2","rep_20","harvest",0.01,"no_penalty"
"2195",15,"L2","rep_20","harvest",5.71714285714286,"no_penalty"
"2196",16,"L2","rep_20","harvest",0.01,"no_penalty"
"2197",17,"L2","rep_20","harvest",0.01,"no_penalty"
"2198",18,"L2","rep_20","harvest",0.01,"no_penalty"
"2199",19,"L2","rep_20","harvest",7.34775510204082,"no_penalty"
"2200",20,"L2","rep_20","harvest",0,"no_penalty"
"2201",1,"fixed","rep_11","harvest",6.36938775510204,"no_penalty"
"2202",2,"fixed","rep_11","harvest",0.01,"no_penalty"
"2203",3,"fixed","rep_11","harvest",0.01,"no_penalty"
"2204",4,"fixed","rep_11","harvest",0.01,"no_penalty"
"2205",5,"fixed","rep_11","harvest",0.01,"no_penalty"
"2206",6,"fixed","rep_11","harvest",0.01,"no_penalty"
"2207",7,"fixed","rep_11","harvest",0.01,"no_penalty"
"2208",8,"fixed","rep_11","harvest",4.90183673469388,"no_penalty"
"2209",9,"fixed","rep_11","harvest",0.01,"no_penalty"
"2210",10,"fixed","rep_11","harvest",0.01,"no_penalty"
"2211",11,"fixed","rep_11","harvest",0.01,"no_penalty"
"2212",12,"fixed","rep_11","harvest",0.01,"no_penalty"
"2213",13,"fixed","rep_11","harvest",0.01,"no_penalty"
"2214",14,"fixed","rep_11","harvest",0.01,"no_penalty"
"2215",15,"fixed","rep_11","harvest",0.01,"no_penalty"
"2216",16,"fixed","rep_11","harvest",0.01,"no_penalty"
"2217",17,"fixed","rep_11","harvest",0.01,"no_penalty"
"2218",18,"fixed","rep_11","harvest",0.499183673469388,"no_penalty"
"2219",19,"fixed","rep_11","harvest",8,"no_penalty"
"2220",20,"fixed","rep_11","harvest",0,"no_penalty"
"2221",1,"fixed","rep_12","harvest",6.36938775510204,"no_penalty"
"2222",2,"fixed","rep_12","harvest",0.01,"no_penalty"
"2223",3,"fixed","rep_12","harvest",0.01,"no_penalty"
"2224",4,"fixed","rep_12","harvest",0.01,"no_penalty"
"2225",5,"fixed","rep_12","harvest",0.01,"no_penalty"
"2226",6,"fixed","rep_12","harvest",0.01,"no_penalty"
"2227",7,"fixed","rep_12","harvest",0.01,"no_penalty"
"2228",8,"fixed","rep_12","harvest",0.01,"no_penalty"
"2229",9,"fixed","rep_12","harvest",0.01,"no_penalty"
"2230",10,"fixed","rep_12","harvest",0.01,"no_penalty"
"2231",11,"fixed","rep_12","harvest",3.10816326530612,"no_penalty"
"2232",12,"fixed","rep_12","harvest",0.01,"no_penalty"
"2233",13,"fixed","rep_12","harvest",0.01,"no_penalty"
"2234",14,"fixed","rep_12","harvest",0.01,"no_penalty"
"2235",15,"fixed","rep_12","harvest",0.01,"no_penalty"
"2236",16,"fixed","rep_12","harvest",0.01,"no_penalty"
"2237",17,"fixed","rep_12","harvest",0.01,"no_penalty"
"2238",18,"fixed","rep_12","harvest",3.10816326530612,"no_penalty"
"2239",19,"fixed","rep_12","harvest",7.67387755102041,"no_penalty"
"2240",20,"fixed","rep_12","harvest",0,"no_penalty"
"2241",1,"fixed","rep_13","harvest",6.36938775510204,"no_penalty"
"2242",2,"fixed","rep_13","harvest",0.01,"no_penalty"
"2243",3,"fixed","rep_13","harvest",0.01,"no_penalty"
"2244",4,"fixed","rep_13","harvest",5.71714285714286,"no_penalty"
"2245",5,"fixed","rep_13","harvest",0.01,"no_penalty"
"2246",6,"fixed","rep_13","harvest",1.64061224489796,"no_penalty"
"2247",7,"fixed","rep_13","harvest",1.64061224489796,"no_penalty"
"2248",8,"fixed","rep_13","harvest",4.24959183673469,"no_penalty"
"2249",9,"fixed","rep_13","harvest",0.01,"no_penalty"
"2250",10,"fixed","rep_13","harvest",0.01,"no_penalty"
"2251",11,"fixed","rep_13","harvest",4.57571428571429,"no_penalty"
"2252",12,"fixed","rep_13","harvest",0.01,"no_penalty"
"2253",13,"fixed","rep_13","harvest",0.01,"no_penalty"
"2254",14,"fixed","rep_13","harvest",0.01,"no_penalty"
"2255",15,"fixed","rep_13","harvest",0.01,"no_penalty"
"2256",16,"fixed","rep_13","harvest",0.01,"no_penalty"
"2257",17,"fixed","rep_13","harvest",0.01,"no_penalty"
"2258",18,"fixed","rep_13","harvest",2.29285714285714,"no_penalty"
"2259",19,"fixed","rep_13","harvest",7.34775510204082,"no_penalty"
"2260",20,"fixed","rep_13","harvest",0,"no_penalty"
"2261",1,"fixed","rep_14","harvest",6.36938775510204,"no_penalty"
"2262",2,"fixed","rep_14","harvest",0.01,"no_penalty"
"2263",3,"fixed","rep_14","harvest",0.499183673469388,"no_penalty"
"2264",4,"fixed","rep_14","harvest",7.8369387755102,"no_penalty"
"2265",5,"fixed","rep_14","harvest",0.01,"no_penalty"
"2266",6,"fixed","rep_14","harvest",0.01,"no_penalty"
"2267",7,"fixed","rep_14","harvest",6.04326530612245,"no_penalty"
"2268",8,"fixed","rep_14","harvest",0.01,"no_penalty"
"2269",9,"fixed","rep_14","harvest",0.499183673469388,"no_penalty"
"2270",10,"fixed","rep_14","harvest",0.01,"no_penalty"
"2271",11,"fixed","rep_14","harvest",5.71714285714286,"no_penalty"
"2272",12,"fixed","rep_14","harvest",0.01,"no_penalty"
"2273",13,"fixed","rep_14","harvest",0.01,"no_penalty"
"2274",14,"fixed","rep_14","harvest",1.80367346938776,"no_penalty"
"2275",15,"fixed","rep_14","harvest",0.01,"no_penalty"
"2276",16,"fixed","rep_14","harvest",2.61897959183673,"no_penalty"
"2277",17,"fixed","rep_14","harvest",1.47755102040816,"no_penalty"
"2278",18,"fixed","rep_14","harvest",4.24959183673469,"no_penalty"
"2279",19,"fixed","rep_14","harvest",8,"no_penalty"
"2280",20,"fixed","rep_14","harvest",0,"no_penalty"
"2281",1,"fixed","rep_15","harvest",6.36938775510204,"no_penalty"
"2282",2,"fixed","rep_15","harvest",0.01,"no_penalty"
"2283",3,"fixed","rep_15","harvest",3.76040816326531,"no_penalty"
"2284",4,"fixed","rep_15","harvest",0.01,"no_penalty"
"2285",5,"fixed","rep_15","harvest",1.64061224489796,"no_penalty"
"2286",6,"fixed","rep_15","harvest",1.64061224489796,"no_penalty"
"2287",7,"fixed","rep_15","harvest",0.01,"no_penalty"
"2288",8,"fixed","rep_15","harvest",0.01,"no_penalty"
"2289",9,"fixed","rep_15","harvest",4.57571428571429,"no_penalty"
"2290",10,"fixed","rep_15","harvest",0.01,"no_penalty"
"2291",11,"fixed","rep_15","harvest",0.01,"no_penalty"
"2292",12,"fixed","rep_15","harvest",0.499183673469388,"no_penalty"
"2293",13,"fixed","rep_15","harvest",0.01,"no_penalty"
"2294",14,"fixed","rep_15","harvest",3.10816326530612,"no_penalty"
"2295",15,"fixed","rep_15","harvest",0.01,"no_penalty"
"2296",16,"fixed","rep_15","harvest",1.15142857142857,"no_penalty"
"2297",17,"fixed","rep_15","harvest",0.662244897959184,"no_penalty"
"2298",18,"fixed","rep_15","harvest",0.82530612244898,"no_penalty"
"2299",19,"fixed","rep_15","harvest",7.34775510204082,"no_penalty"
"2300",20,"fixed","rep_15","harvest",0,"no_penalty"
"2301",1,"fixed","rep_16","harvest",6.36938775510204,"no_penalty"
"2302",2,"fixed","rep_16","harvest",0.01,"no_penalty"
"2303",3,"fixed","rep_16","harvest",0.01,"no_penalty"
"2304",4,"fixed","rep_16","harvest",4.24959183673469,"no_penalty"
"2305",5,"fixed","rep_16","harvest",0.01,"no_penalty"
"2306",6,"fixed","rep_16","harvest",0.01,"no_penalty"
"2307",7,"fixed","rep_16","harvest",0.01,"no_penalty"
"2308",8,"fixed","rep_16","harvest",0.01,"no_penalty"
"2309",9,"fixed","rep_16","harvest",0.499183673469388,"no_penalty"
"2310",10,"fixed","rep_16","harvest",4.90183673469388,"no_penalty"
"2311",11,"fixed","rep_16","harvest",0.01,"no_penalty"
"2312",12,"fixed","rep_16","harvest",5.71714285714286,"no_penalty"
"2313",13,"fixed","rep_16","harvest",0.01,"no_penalty"
"2314",14,"fixed","rep_16","harvest",0.01,"no_penalty"
"2315",15,"fixed","rep_16","harvest",3.9234693877551,"no_penalty"
"2316",16,"fixed","rep_16","harvest",0.01,"no_penalty"
"2317",17,"fixed","rep_16","harvest",0.01,"no_penalty"
"2318",18,"fixed","rep_16","harvest",0.499183673469388,"no_penalty"
"2319",19,"fixed","rep_16","harvest",8,"no_penalty"
"2320",20,"fixed","rep_16","harvest",0,"no_penalty"
"2321",1,"fixed","rep_17","harvest",6.36938775510204,"no_penalty"
"2322",2,"fixed","rep_17","harvest",0.01,"no_penalty"
"2323",3,"fixed","rep_17","harvest",0.01,"no_penalty"
"2324",4,"fixed","rep_17","harvest",0.01,"no_penalty"
"2325",5,"fixed","rep_17","harvest",0.01,"no_penalty"
"2326",6,"fixed","rep_17","harvest",0.988367346938776,"no_penalty"
"2327",7,"fixed","rep_17","harvest",0.499183673469388,"no_penalty"
"2328",8,"fixed","rep_17","harvest",4.90183673469388,"no_penalty"
"2329",9,"fixed","rep_17","harvest",0.988367346938776,"no_penalty"
"2330",10,"fixed","rep_17","harvest",1.64061224489796,"no_penalty"
"2331",11,"fixed","rep_17","harvest",0.988367346938776,"no_penalty"
"2332",12,"fixed","rep_17","harvest",4.90183673469388,"no_penalty"
"2333",13,"fixed","rep_17","harvest",0.01,"no_penalty"
"2334",14,"fixed","rep_17","harvest",4.41265306122449,"no_penalty"
"2335",15,"fixed","rep_17","harvest",0.01,"no_penalty"
"2336",16,"fixed","rep_17","harvest",4.24959183673469,"no_penalty"
"2337",17,"fixed","rep_17","harvest",0.01,"no_penalty"
"2338",18,"fixed","rep_17","harvest",1.64061224489796,"no_penalty"
"2339",19,"fixed","rep_17","harvest",7.67387755102041,"no_penalty"
"2340",20,"fixed","rep_17","harvest",0,"no_penalty"
"2341",1,"fixed","rep_18","harvest",6.36938775510204,"no_penalty"
"2342",2,"fixed","rep_18","harvest",0.01,"no_penalty"
"2343",3,"fixed","rep_18","harvest",5.39102040816327,"no_penalty"
"2344",4,"fixed","rep_18","harvest",0.01,"no_penalty"
"2345",5,"fixed","rep_18","harvest",0.01,"no_penalty"
"2346",6,"fixed","rep_18","harvest",0.01,"no_penalty"
"2347",7,"fixed","rep_18","harvest",0.01,"no_penalty"
"2348",8,"fixed","rep_18","harvest",0.01,"no_penalty"
"2349",9,"fixed","rep_18","harvest",7.02163265306122,"no_penalty"
"2350",10,"fixed","rep_18","harvest",0.01,"no_penalty"
"2351",11,"fixed","rep_18","harvest",1.64061224489796,"no_penalty"
"2352",12,"fixed","rep_18","harvest",0.01,"no_penalty"
"2353",13,"fixed","rep_18","harvest",0.01,"no_penalty"
"2354",14,"fixed","rep_18","harvest",0.01,"no_penalty"
"2355",15,"fixed","rep_18","harvest",0.173061224489796,"no_penalty"
"2356",16,"fixed","rep_18","harvest",0.01,"no_penalty"
"2357",17,"fixed","rep_18","harvest",3.9234693877551,"no_penalty"
"2358",18,"fixed","rep_18","harvest",0.01,"no_penalty"
"2359",19,"fixed","rep_18","harvest",5.39102040816327,"no_penalty"
"2360",20,"fixed","rep_18","harvest",0,"no_penalty"
"2361",1,"fixed","rep_19","harvest",6.36938775510204,"no_penalty"
"2362",2,"fixed","rep_19","harvest",0.01,"no_penalty"
"2363",3,"fixed","rep_19","harvest",0.01,"no_penalty"
"2364",4,"fixed","rep_19","harvest",0.01,"no_penalty"
"2365",5,"fixed","rep_19","harvest",0.01,"no_penalty"
"2366",6,"fixed","rep_19","harvest",3.76040816326531,"no_penalty"
"2367",7,"fixed","rep_19","harvest",0.01,"no_penalty"
"2368",8,"fixed","rep_19","harvest",0.988367346938776,"no_penalty"
"2369",9,"fixed","rep_19","harvest",0.01,"no_penalty"
"2370",10,"fixed","rep_19","harvest",0.01,"no_penalty"
"2371",11,"fixed","rep_19","harvest",0.988367346938776,"no_penalty"
"2372",12,"fixed","rep_19","harvest",3.10816326530612,"no_penalty"
"2373",13,"fixed","rep_19","harvest",0.499183673469388,"no_penalty"
"2374",14,"fixed","rep_19","harvest",3.59734693877551,"no_penalty"
"2375",15,"fixed","rep_19","harvest",0.01,"no_penalty"
"2376",16,"fixed","rep_19","harvest",1.15142857142857,"no_penalty"
"2377",17,"fixed","rep_19","harvest",0.01,"no_penalty"
"2378",18,"fixed","rep_19","harvest",0.01,"no_penalty"
"2379",19,"fixed","rep_19","harvest",8,"no_penalty"
"2380",20,"fixed","rep_19","harvest",0,"no_penalty"
"2381",1,"fixed","rep_20","harvest",6.36938775510204,"no_penalty"
"2382",2,"fixed","rep_20","harvest",0.01,"no_penalty"
"2383",3,"fixed","rep_20","harvest",0.01,"no_penalty"
"2384",4,"fixed","rep_20","harvest",6.04326530612245,"no_penalty"
"2385",5,"fixed","rep_20","harvest",0.01,"no_penalty"
"2386",6,"fixed","rep_20","harvest",0.01,"no_penalty"
"2387",7,"fixed","rep_20","harvest",0.01,"no_penalty"
"2388",8,"fixed","rep_20","harvest",0.01,"no_penalty"
"2389",9,"fixed","rep_20","harvest",0.01,"no_penalty"
"2390",10,"fixed","rep_20","harvest",0.01,"no_penalty"
"2391",11,"fixed","rep_20","harvest",0.01,"no_penalty"
"2392",12,"fixed","rep_20","harvest",0.01,"no_penalty"
"2393",13,"fixed","rep_20","harvest",0.01,"no_penalty"
"2394",14,"fixed","rep_20","harvest",0.01,"no_penalty"
"2395",15,"fixed","rep_20","harvest",5.71714285714286,"no_penalty"
"2396",16,"fixed","rep_20","harvest",0.01,"no_penalty"
"2397",17,"fixed","rep_20","harvest",0.01,"no_penalty"
"2398",18,"fixed","rep_20","harvest",0.01,"no_penalty"
"2399",19,"fixed","rep_20","harvest",7.34775510204082,"no_penalty"
"2400",20,"fixed","rep_20","harvest",0,"no_penalty"
